Country,Year,GDP per capita USD,CO2 Use
Australia,2000,21870.4159669594,350194581.8
Australia,2001,19695.7297379144,357668742.8
Australia,2002,20301.8431713256,362209093.8
Australia,2003,23718.1338501868,369725835.4
Australia,2004,30836.7306824685,383204944.7
Australia,2005,34479.7679298388,386515211.6
Australia,2006,36595.7071548423,392681873.2
Australia,2007,41051.6120652288,400415729.4
Australia,2008,49701.2817843335,405048537.2
Australia,2009,42816.5674002829,408672631.7
Australia,2010,52144.6654705468,406752772.7
Australia,2011,62605.600458306,404246571.2
Australia,2012,68072.8732340801,407146057.1
Australia,2013,68190.7010035651,398163798.2
Australia,2014,62544.0873773726,393464239.2
Australia,2015,56739.0265346593,402995453.4
Argentina,2000,7637.01489203628,141716804.3
Argentina,2001,7141.47507662826,133310609.8
Argentina,2002,2569.69963519124,124382213.6
Argentina,2003,3320.47775133903,134620660.1
Argentina,2004,4242.02099089422,157033639.3
Argentina,2005,5067.65342293276,161424779.4
Argentina,2006,5869.38028970204,174617506.0
Argentina,2007,7185.25155147027,174232910.8
Argentina,2008,8944.1102657357,188041184.3
Argentina,2009,8150.23527028221,178867384.3
Argentina,2010,10260.1313108254,186686451.5
Argentina,2011,12704.2831819684,190247901.5
Argentina,2012,12949.717486654,191044680.3
Argentina,2013,12963.675773326,188428149.5
Argentina,2014,12233.1444119186,202671490.1
Argentina,2015,13679.6264980954,206367967.5
Mexico,2000,7524.0271380091,397899666.1
Mexico,2001,7952.76479510706,412627401.3
Mexico,2002,7983.03398381759,413972575.8
Mexico,2003,7434.07465031562,439786050.0
Mexico,2004,7849.66759649565,440799635.4
Mexico,2005,8671.75891885163,465913628.4
Mexico,2006,9512.63575346699,478803636.6
Mexico,2007,10134.3327129706,482325460.8
Mexico,2008,10523.7685427665,495305014.2
Mexico,2009,8423.56933214711,478389000.8
Mexico,2010,9728.80078237782,466090651.8
Mexico,2011,10664.4944046282,486503210.3
Mexico,2012,10744.1335229686,498658522.0
Mexico,2013,11216.800851866,492559728.7
Mexico,2014,11391.3773510244,482527892.6
Mexico,2015,10021.2386124039,477273652.5
Brazil,2000,3766.54811466032,324226040.0
Brazil,2001,3176.28935747524,332987400.0
Brazil,2002,2855.94018885769,327434832.0
Brazil,2003,3090.6070097455,317508448.0
Brazil,2004,3663.823188064,333675144.0
Brazil,2005,4827.78173074714,342086472.0
Brazil,2006,5934.14470924968,341946368.0
Brazil,2007,7409.69130673473,356918752.0
Brazil,2008,8908.33176538648,380344928.0
Brazil,2009,8678.6592244676,360090776.0
Brazil,2010,11403.2821278747,411240192.0
Brazil,2011,13396.6243562986,430194902.3
Brazil,2012,12521.7213519966,460063092.5
Brazil,2013,12458.8912138813,493593511.3
Brazil,2014,12274.9939689363,519526349.7
Brazil,2015,8936.19661712113,512081882.0
China,2000,969.199513696287,3349294776.0
China,2001,1065.40597574519,3426144062.0
China,2002,1163.55957673426,3782439297.0
China,2003,1306.97245408557,4452310296.0
China,2004,1530.92726215723,5125894416.0
China,2005,1777.64496828464,5771168440.0
China,2006,2129.25696999613,6377748016.0
China,2007,2734.72709877693,6861750652.0
China,2008,3523.44302065213,7375189907.0
China,2009,3898.24459158811,7758811768.0
China,2010,4629.24551710077,8500542695.0
China,2011,5703.76027973346,9388199234.0
China,2012,6405.0574241349,9633899303.0
China,2013,7147.03518622344,9796527160.0
China,2014,7781.06597484974,9820360492.0
China,2015,8175.33285077393,9716467840.0
Japan,2000,39169.3595701504,1262734462.0
Japan,2001,34406.1824638092,1248087424.0
Japan,2002,32820.7936433254,1277236546.0
Japan,2003,35387.0374203599,1285385412.0
Japan,2004,38298.9801712303,1280036122.0
Japan,2005,37812.8950199948,1286856314.0
Japan,2006,35991.546002862,1262639452.0
Japan,2007,35779.0245416427,1300051973.0
Japan,2008,39876.3039685725,1229245450.0
Japan,2009,41308.9968370512,1160203633.0
Japan,2010,44968.1562349739,1211572868.0
Japan,2011,48760.0789494211,1261398590.0
Japan,2012,49145.2804308193,1302082927.0
Japan,2013,40898.6478964744,1314069572.0
Japan,2014,38475.3952461838,1264173252.0
Japan,2015,34960.6393843385,1223666475.0
Germany,2000,23925.8559901991,900960091.2
Germany,2001,23878.3641471651,917476828.5
Germany,2002,25486.5942008748,900955099.1
Germany,2003,30711.1022511331,901969864.6
Germany,2004,34566.7359143735,887996509.2
Germany,2005,35084.4363546269,867223505.9
Germany,2006,36980.3349948954,878747131.4
Germany,2007,42350.9217211489,852096162.2
Germany,2008,46386.3295924799,854420962.4
Germany,2009,42487.2137101496,789963521.6
Germany,2010,42409.9356994694,833684918.0
Germany,2011,47646.582043143,810802325.3
Germany,2012,44735.5882319701,815197408.6
Germany,2013,47220.0102098851,832642995.5
Germany,2014,48971.0824722599,793635843.4
Germany,2015,41911.0109851054,797078165.2
Italy,2000,20190.0035636084,470767746.9
Italy,2001,20570.4385917862,476201869.1
Italy,2002,22451.3964379368,477709338.5
Italy,2003,27577.5700319855,491480723.9
Italy,2004,31348.1901841445,495527786.0
Italy,2005,32062.723833669,495234014.9
Italy,2006,33537.1286994269,489749969.4
Italy,2007,37826.1754554823,480491585.7
Italy,2008,40828.5795580937,468062059.9
Italy,2009,37099.6133958219,415932393.3
Italy,2010,35856.8625485539,424873161.2
Italy,2011,38432.3742820019,413431505.5
Italy,2012,34854.3949441965,391990364.4
Italy,2013,35701.6746002376,363399902.1
Italy,2014,36028.3494022349,348476240.1
Italy,2015,30639.8829751432,355483213.9
India,2000,442.750218937263,1029637759.0
India,2001,450.357900514128,1035640714.0
India,2002,469.149928973927,1047595651.0
India,2003,544.143133545002,1091873009.0
India,2004,624.258826510066,1145545234.0
India,2005,710.488080408949,1210145667.0
India,2006,801.668353659022,1287149211.0
India,2007,1021.88707706826,1390253491.0
India,2008,992.519584923828,1547991039.0
India,2009,1094.94974598436,1720120560.0
India,2010,1347.51939071367,1700027394.0
India,2011,1445.46127486037,1817171600.0
India,2012,1429.32199520032,1983758813.0
India,2013,1432.84397512195,1997878578.0
India,2014,1553.88396075118,2207533892.0
India,2015,1583.99815907985,2276407195.0
Indonesia,2000,763.711124950924,265983184.0
Indonesia,2001,732.307093405708,297770560.0
Indonesia,2002,881.002913569131,307578168.0
Indonesia,2003,1043.2105838671,316854168.0
Indonesia,2004,1126.84004447173,340076520.0
Indonesia,2005,1238.21447629488,343579936.0
Indonesia,2006,1558.31562847163,346699720.0
Indonesia,2007,1823.21976255073,377122624.0
Indonesia,2008,2124.55483920618,417792048.0
Indonesia,2009,2218.48541852977,447301088.0
Indonesia,2010,3065.68348377765,427789520.0
Indonesia,2011,3579.46442466152,601325416.0
Indonesia,2012,3632.27254030331,633145032.0
Indonesia,2013,3566.60284506078,486130031.7
Indonesia,2014,3441.06808464008,460015658.7
Indonesia,2015,3288.22269725538,459628755.9
Saudi Arabia,2000,11714.5623675159,296353320.6
Saudi Arabia,2001,10805.311325122,296574890.6
Saudi Arabia,2002,10586.0543471363,325681176.8
Saudi Arabia,2003,11487.220410693,326517114.2
Saudi Arabia,2004,13154.4978989446,394584793.8
Saudi Arabia,2005,15975.7473782258,395854759.6
Saudi Arabia,2006,17563.6145370639,431291967.7
Saudi Arabia,2007,18596.1502627898,386507147.4
Saudi Arabia,2008,22320.4888964331,432336409.8
Saudi Arabia,2009,17718.3911648365,465844308.7
Saudi Arabia,2010,22028.3901426586,517715947.4
Saudi Arabia,2011,27126.7498747702,497659010.0
Saudi Arabia,2012,28733.4375513452,563179493.4
Saudi Arabia,2013,27865.465604962,540805232.0
Saudi Arabia,2014,27805.4850319422,601896064.8
Saudi Arabia,2015,23256.1549553531,620882957.2
South Africa,2000,3217.84693448467,377730906.0
South Africa,2001,2847.15191945908,371140576.0
South Africa,2002,2688.23676032806,355454058.0
South Africa,2003,4062.21755993786,403235268.0
South Africa,2004,5221.46333731721,448539068.0
South Africa,2005,5836.87663325127,415050850.0
South Africa,2006,6077.38293388876,445708664.0
South Africa,2007,6591.85535960564,463975000.0
South Africa,2008,6184.75474328399,494127156.0
South Africa,2009,6374.70560042992,501376938.0
South Africa,2010,7973.47195771517,472482580.0
South Africa,2011,8646.05571071635,468927239.3
South Africa,2012,8076.97678479741,467080646.4
South Africa,2013,7331.65467384919,464619057.0
South Africa,2014,6856.73137092522,488006183.8
South Africa,2015,6112.27382485974,461116585.6
United States,2000,36329.9702595751,6000606067.0
United States,2001,37133.6203973517,5902454993.0
United States,2002,37997.7424300242,5943651279.0
United States,2003,39490.3023903176,5991319569.0
United States,2004,41724.6411982614,6106620735.0
United States,2005,44123.3996470026,6132005704.0
United States,2006,46301.9876485519,6052236286.0
United States,2007,48050.227412195,6130983563.0
United States,2008,48570.0594269601,5932775281.0
United States,2009,47194.9500893872,5495394958.0
United States,2010,48642.6312088213,5701075808.0
United States,2011,50024.8812320773,5570706560.0
United States,2012,51708.3940614082,5366730281.0
United States,2013,53297.3862901595,5519612557.0
United States,2014,55153.3940182967,5568759258.0
United States,2015,56849.4697923159,5420804127.0
Canada,2000,24271.0020563821,572530740.0
Canada,2001,23822.096210932,564635320.1
Canada,2002,24256.0192337185,570885097.8
Canada,2003,28301.8645937428,587596290.5
Canada,2004,32145.5412620217,585832799.3
Canada,2005,36383.6600068095,576801628.7
Canada,2006,40504.0370977806,570487642.1
Canada,2007,44660.0838892281,594140241.8
Canada,2008,46710.2526864484,574805870.6
Canada,2009,40874.8831932903,540518686.7
Canada,2010,47560.6666009406,555459693.7
Canada,2011,52223.8588398531,560775900.5
Canada,2012,52670.3447335415,563675200.3
Canada,2013,52638.1187235237,568892395.7
Canada,2014,50960.8431174661,568008388.0
Canada,2015,43594.1941045394,565576677.0
France,2000,22340.5939516217,420652709.4
France,2001,22331.7948343036,425882460.6
France,2002,24144.5727019529,420919498.2
France,2003,29479.5222101175,428002759.9
France,2004,33644.9282220364,428927747.1
France,2005,34696.3718316971,432639271.3
France,2006,36431.5658906555,422101255.2
France,2007,41486.1907828787,412898356.6
France,2008,45464.8181385158,406790823.0
France,2009,41728.0884164132,386942089.4
France,2010,40694.8211697025,397900468.6
France,2011,43929.7840873812,372792615.7
France,2012,40863.5814412333,374112621.7
France,2013,42669.1795111893,374258601.9
France,2014,43148.0459288416,343572632.5
France,2015,36702.4323733379,348163670.7
